{

"metadata":
{
"sourceFile": "fish.max",
"generatedBy": "3ds max ThreeJSExporter",
"formatVersion": 3.1,
"vertices": 34,
"normals": 60,
"colors": 0,
"uvs": 100,
"triangles": 60,
"materials": 0
},

"materials": [
],

"vertices": [13.6748,-10.0706,7.22871,7.51953,-0.899266,11.7161,20.6987,-5.04672,8.07529,14.336,-2.49882,11.6559,17.9172,-5.01208,-2.10284,15.6275,1.2849,1.25309,6.38345,-7.94211,1.25308,7.80753,-2.43798,2.73099,-10.1958,-5.79188,7.46932,3.17589,-4.99722,-1.73741,-10.9514,-0.442174,6.69419,-10.3602,-0.135096,-9.35479,-0.95909,6.70907,-3.45564,-10.9955,-7.92365,3.32557,-2.80576,3.30003,3.04358,-4.0785,-12.7465,-2.75591,0.50299,3.72806,6.36318,2.57491,-10.1919,3.4799,7.90675,5.54075,7.83074,-13.3671,3.88899,0.804392,8.70218,-3.87132,5.1699,-15.4446,-3.08868,-1.99514,6.18605,7.60153,3.5385,12.0891,-4.17456,-2.62027,-4.52961,-6.81272,-7.33998,11.6656,2.5799,-1.27729,-4.98327,4.75085,-8.29075,7.27758,-1.33988,-12.4807,5.39681,5.49187,-8.5627,6.04953,-5.58829,-9.01383,-10.5451,-7.23618,-7.43161,-5.3352,-1.46683,6.96679,-1.40844,-4.87356,7.37153,4.40041,-6.21361,8.59243],

"normals": [-0.108468,-0.494695,0.862271,0.511017,0.785474,0.34913,-0.331113,0.347199,-0.877392,-0.960061,0.269031,-0.0768449,-0.449189,0.878111,-0.164775,0.452086,-0.508573,-0.732783,0.26136,-0.504111,0.823142,0.866409,0.440434,-0.235274,-0.339381,0.324841,-0.882779,-0.590861,-0.6381,0.493672,0.216361,0.908574,0.357325,0.227734,-0.971515,-0.0655418,0.0996387,-0.991646,0.0819208,-0.297895,-0.698906,0.650223,0.0548535,-0.60782,-0.792178,-0.21525,0.543322,-0.811461,0.702205,0.709514,0.0591469,0.134685,-0.981928,0.132954,0.920104,-0.0325841,0.390315,0.916541,-0.0219284,0.39934,-0.0465412,0.889989,0.453601,0.287545,0.948661,0.131759,-0.139588,0.354932,-0.924413,0.779488,0.168818,-0.60324,-0.103434,-0.369005,-0.923654,-0.179789,-0.590225,-0.786963,0.0331395,-0.262073,-0.964479,-0.0574701,0.484718,-0.87278,-0.468966,0.445584,-0.762578,-0.00114082,0.116681,0.993169,-0.270508,0.949433,-0.159382,0.860569,0.410125,-0.302024,-0.147807,-0.849861,0.505856,-0.96274,-0.0470555,-0.266304,-0.691386,-0.718596,-0.0748702,-0.94703,-0.127193,0.294881,-0.0861498,0.785436,0.612918,0.650546,-0.584129,-0.485369,-0.423837,0.84999,0.312856,-0.0224573,0.140253,0.989861,-0.776489,-0.0214804,0.629765,0.190774,0.845967,0.49794,-0.553254,0.705361,-0.443143,-0.329174,0.920764,0.209377,-0.0758013,0.944563,-0.319461,-0.614342,-0.785379,-0.0759127,0.589647,-0.465219,-0.660218,0.1031,-0.987294,0.120916,-0.965732,-0.101806,0.238741,0.669736,-0.563381,-0.483794,0.664452,-0.150775,0.731963,-0.150325,-0.867023,0.475052,-0.298502,0.808178,0.507686,0.694273,-0.548419,-0.466071,-0.230206,0.163612,0.959289,0.0673109,-0.55586,0.828547,-0.0224573,0.140253,0.989861,0.636352,-0.702244,0.319234,-0.178463,0.116548,0.97702,-0.00114079,0.116681,0.993169],

"colors": [],

"uvs": [[0.549581,0.551125,0.548647,0.551125,0.548647,0.550192,0.654908,0.552125,0.653974,0.552125,0.653974,0.551192,0.654908,0.552125,0.653974,0.552125,0.653974,0.551192,0.549581,0.551125,0.548647,0.551125,0.548647,0.550192,0.549581,0.551125,0.548647,0.550192,0.654908,0.552125,0.653974,0.552125,0.653974,0.551192,0.654908,0.551192,0.654908,0.552125,0.653974,0.551192,0.654908,0.551192,0.654908,0.551192,0.549581,0.550192,0.549581,0.550192,0.448127,0.5434,0.445934,0.5434,0.445934,0.541206,0.448127,0.5434,0.445934,0.5434,0.445934,0.541206,0.448127,0.5434,0.445934,0.5434,0.445934,0.541206,0.356129,0.546066,0.353935,0.546066,0.353935,0.543873,0.356129,0.546066,0.353935,0.546066,0.353935,0.543873,0.448127,0.5434,0.445934,0.5434,0.445934,0.541206,0.448127,0.5434,0.445934,0.5434,0.445934,0.541206,0.445934,0.5434,0.356129,0.546066,0.353935,0.546066,0.353935,0.543873,0.353935,0.546066,0.353935,0.543873,0.356129,0.546066,0.353935,0.546066,0.353935,0.543873,0.448127,0.5434,0.445934,0.541206,0.445934,0.5434,0.445934,0.541206,0.448127,0.5434,0.445934,0.5434,0.448127,0.5434,0.356129,0.546066,0.448127,0.5434,0.445934,0.5434,0.356129,0.546066,0.353935,0.546066,0.353935,0.543873,0.356129,0.546066,0.448127,0.5434,0.445934,0.5434,0.448127,0.5434,0.445934,0.5434,0.445934,0.541206,0.448127,0.5434,0.448127,0.5434,0.445934,0.5434,0.448127,0.5434,0.353935,0.546066,0.353935,0.543873,0.353935,0.546066,0.353935,0.543873,0.448127,0.5434,0.445934,0.5434,0.445934,0.541206,0.445934,0.541206,0.353935,0.546066,0.356129,0.546066,0.356129,0.546066,0.445934,0.5434,0.448127,0.5434,0.448127,0.5434,0.445934,0.541206,0.448127,0.5434,0.445934,0.541206,0.448127,0.5434,0.445934,0.5434,0.356129,0.546066,0.353935,0.543873,0.445934,0.541206,0.356129,0.546066]],

"faces": [42,3,1,0,-1,0,1,2,0,0,0,42,5,3,2,-1,3,4,5,1,1,1,42,7,5,4,-1,6,7,8,2,2,2,42,1,7,6,-1,9,10,11,3,3,3,42,5,7,1,-1,12,10,13,4,4,4,42,2,0,6,-1,14,15,16,5,5,5,42,2,3,0,-1,17,18,19,6,6,6,42,4,5,2,-1,20,3,5,7,7,7,42,6,7,4,-1,21,6,8,8,8,8,42,0,1,6,-1,22,9,11,9,9,9,42,3,5,1,-1,23,12,13,10,10,10,42,4,2,6,-1,20,14,16,11,11,11,42,23,20,9,-1,24,25,26,12,12,12,42,33,32,17,-1,27,28,29,13,13,13,42,24,15,30,-1,30,31,32,14,14,14,42,22,25,14,-1,33,34,35,15,15,15,42,25,22,18,-1,36,37,38,16,16,16,42,29,9,24,-1,39,40,41,17,17,17,42,25,18,20,-1,42,43,44,18,18,18,42,23,25,20,-1,24,45,44,19,19,19,42,14,12,19,-1,46,47,48,20,20,20,42,25,28,12,-1,36,49,50,21,21,21,42,11,26,27,-1,51,52,53,22,22,22,42,28,25,23,-1,54,45,55,23,23,23,42,24,11,29,-1,30,56,57,24,24,24,42,11,27,29,-1,58,59,57,25,25,25,42,30,11,24,-1,60,56,41,26,26,26,42,26,28,27,-1,61,49,53,27,27,27,42,21,19,30,-1,62,63,32,28,28,28,42,32,16,31,-1,64,65,66,29,29,29,42,12,26,19,-1,67,52,48,30,30,30,42,27,28,23,-1,68,69,55,31,31,31,42,15,17,13,-1,70,71,72,32,32,32,42,19,11,30,-1,73,56,32,33,33,33,42,13,21,30,-1,74,75,32,34,34,34,42,10,19,13,-1,76,63,72,35,35,35,42,14,19,10,-1,46,77,78,36,36,36,42,29,27,23,-1,39,59,55,37,37,37,42,22,14,16,-1,33,79,80,38,38,38,42,31,10,8,-1,81,82,83,39,39,39,42,13,19,21,-1,74,63,84,40,40,40,42,25,12,14,-1,36,47,35,41,41,41,42,26,11,19,-1,61,85,48,42,42,42,42,16,14,10,-1,86,79,78,43,43,43,42,28,26,12,-1,87,52,50,44,44,44,42,15,13,30,-1,70,88,32,45,45,45,42,9,15,24,-1,89,31,41,46,46,46,42,23,9,29,-1,24,40,57,47,47,47,42,8,10,13,-1,90,82,72,48,48,48,42,9,17,15,-1,89,71,91,49,49,49,42,20,18,33,-1,92,43,93,50,50,50,42,17,8,13,-1,94,95,72,51,51,51,42,18,22,16,-1,96,37,80,52,52,52,42,20,17,9,-1,92,71,26,53,53,53,42,18,16,32,-1,96,65,97,54,54,54,42,8,17,32,-1,90,71,98,55,55,55,42,31,16,10,-1,99,65,78,56,56,56,42,33,17,20,-1,27,71,44,57,57,57,42,33,18,32,-1,27,43,98,58,58,58,42,31,8,32,-1,81,95,98,59,59,59]

}